{"cameraMode":{"drawMode":1,"name":"Wireframe","section":"Shading Mode"},"sceneLighting":false,"audioPlay":false,"sceneViewState":{"showFog":true,"showMaterialUpdate":false,"showSkybox":false,"showFlares":true,"showImageEffects":true,"showParticleSystems":true},"in2DMode":false,"pivot":{"x":-6.589273452758789,"y":0.9829320311546326,"z":1.4923049211502076},"rotation":{"x":0.05122806504368782,"y":0.6107004880905151,"z":0.03958270698785782,"w":-0.7892702221870422},"size":7.4850358963012699,"orthographic":false}